cluster,url,primary_keyword,secondary_keywords,search_intent,priority,baseline_date,gsc_index_request_status,next_check_2w,next_check_4w,gsc_clicks_28d,gsc_impressions_28d,gsc_avg_position,trend_status,next_action
Core IVF,https://tupbebek.com/basari-oranlari/,tüp bebek başarı oranları,"yaşa göre tüp bebek başarı oranı; tüp bebek tutma şansı; canlı doğum oranı",Commercial investigation,High,2026-05-14,Submitted earlier,2026-05-28,2026-06-11,,,,,"Track clicks/impressions and compare by age-intent queries"
Core IVF,https://tupbebek.com/makaleler/tup-bebek-nedir/,tüp bebek nedir,"ivf nedir; tüp bebek nasıl yapılır; tüp bebek kimlere uygulanır",Informational,High,2026-05-14,Submitted earlier,2026-05-28,2026-06-11,,,,,"Watch top query split between definition and process intent"
Core IVF,https://tupbebek.com/makaleler/tup-bebek-sureci-rehber/,tüp bebek süreci,"tüp bebek aşamaları; tüp bebek kaç gün sürer; yumurta toplama transfer süreci",Informational,High,2026-05-14,Submitted earlier,2026-05-28,2026-06-11,,,,,"Check whether process queries move to hub or article"
Core IVF,https://tupbebek.com/makaleler/yasa-gore-tup-bebek-basari-oranlari/,yaşa göre tüp bebek başarı oranları,"30 yaş tüp bebek başarı; 35 yaş tüp bebek; 40 yaş tüp bebek başarı",Informational,High,2026-05-14,Submitted earlier,2026-05-28,2026-06-11,,,,,"Compare age modifiers and improve table snippets if flat"
Core IVF,https://tupbebek.com/makaleler/kac-yumurta-gerekir/,tüp bebekte kaç yumurta gerekir,"kaç yumurta yeterli; tüp bebekte yumurta sayısı; olgun yumurta kaç olmalı",Informational,High,2026-05-14,Submitted earlier,2026-05-28,2026-06-11,,,,,"Track PAA-style question queries"
Core IVF,https://tupbebek.com/makaleler/ivf-protokolleri/,ivf protokolleri,"antagonist protokol; uzun protokol; mini ivf; duostim",Informational,Medium,2026-05-14,Submitted earlier,2026-05-28,2026-06-11,,,,,"Check protocol-specific query distribution"
Core IVF,https://tupbebek.com/makaleler/tup-bebek-yanlis-bilinenler/,tüp bebek yanlış bilinenler,"tüp bebek hakkında yanlışlar; tüp bebek efsaneleri; tüp bebek doğru bilinen yanlışlar",Informational,Medium,2026-05-14,Submitted earlier,2026-05-28,2026-06-11,,,,,"If impressions low, add internal links from FAQ pages"
Transfer,https://tupbebek.com/makaleler/embriyo-transferi-gun-secimi/,3 gün mü 5 gün embriyo transferi,"blastokist transferi; 3 gün embriyosu; 5 gün transfer",Informational,High,2026-05-14,Submitted earlier,2026-05-28,2026-06-11,,,,,"Watch 3-day vs 5-day query variants"
Transfer,https://tupbebek.com/makaleler/embriyo-transferi-sonrasi-bakim/,embriyo transferi sonrası,"transfer sonrası yatmak gerekir mi; transfer sonrası kasık ağrısı; transfer sonrası kanama",Informational,High,2026-05-14,Submitted via hub,2026-05-28,2026-06-11,,,,,"If CTR low, tune title for care/what to do intent"
Transfer,https://tupbebek.com/makaleler/taze-dondurulmus-transfer/,dondurulmuş embriyo transferi,"taze transfer mi dondurulmuş transfer mi; fet nedir; freeze all",Informational,High,2026-05-14,Submitted earlier,2026-05-28,2026-06-11,,,,,"Track FET vs fresh comparison queries"
Transfer,https://tupbebek.com/makaleler/beta-hcg-testi/,beta hcg testi tüp bebek,"transfer sonrası beta hcg; beta hcg kaç olmalı; hcg doubling time",Informational,High,2026-05-14,GSC insight page flagged,2026-05-28,2026-06-11,,,,,"Review recent click drop separately in GSC"
Transfer,https://tupbebek.com/makaleler/kimyasal-gebelik/,kimyasal gebelik nedir,"kimyasal gebelik hcg; kimyasal gebelik belirtileri; tüp bebek kimyasal gebelik",Informational,High,2026-05-14,Submitted,2026-05-28,2026-06-11,,,,,"Track early-loss terms and add supportive internal links if needed"
Transfer,https://tupbebek.com/makaleler/era-testi-iluzyon/,era testi nedir,"era testi tüp bebek; endometriyal reseptivite testi; era testi gerekli mi",Informational,High,2026-05-14,Submitted,2026-05-28,2026-06-11,,,,,"Watch whether neutral title competes with promotional SERP"
Transfer,https://tupbebek.com/makaleler/embryoglue-faydalari/,embryoglue nedir,"embriyo yapıştırıcı; embryoglue faydaları; transfer medyumu",Informational,Medium,2026-05-14,Submitted via hub,2026-05-28,2026-06-11,,,,,"Check add-on query impressions"
Transfer,https://tupbebek.com/makaleler/endometriyal-scratching/,endometriyal scratching,"rahim çizme; endometrial scratching işe yarar mı; ivf add on",Informational,Medium,2026-05-14,Submitted via hub,2026-05-28,2026-06-11,,,,,"Track HFEA/add-on wording performance"
Lab and Embryology,https://tupbebek.com/makaleler/mikroenjeksiyon-icsi-nedir/,mikroenjeksiyon icsi nedir,"icsi nedir; mikroenjeksiyon ivf farkı; erkek faktörü icsi",Informational,High,2026-05-14,Submitted earlier,2026-05-28,2026-06-11,,,,,"Check definition intent and male-factor intent separately"
Lab and Embryology,https://tupbebek.com/makaleler/laboratuvar-raporu-yorumlama/,embriyo kalite kodları,"4AA embriyo; 3BB embriyo; 5BC embriyo; blastosist kalitesi",Informational,High,2026-05-14,Submitted earlier,2026-05-28,2026-06-11,,,,,"Watch exact-code query long tail"
Lab and Embryology,https://tupbebek.com/makaleler/embryoscope-yapay-zeka/,embryoscope nedir,"time lapse embriyo izleme; yapay zeka embriyo seçimi; embryo scope",Informational,High,2026-05-14,Submitted,2026-05-28,2026-06-11,,,,,"Review AI citation queries and add FAQ if PAA appears"
Lab and Embryology,https://tupbebek.com/makaleler/bagisiklik-tedavileri/,tüp bebek bağışıklık tedavileri,"intralipid tüp bebek; ivig tüp bebek; nk hücre testi",Informational,High,2026-05-14,Submitted via hub,2026-05-28,2026-06-11,,,,,"Track controversial add-on SERP volatility"
Female Infertility,https://tupbebek.com/makaleler/kadin-kisirligi-tup-bebek/,kadın kısırlığı tüp bebek,"kadın kısırlığı nedenleri; tüp bebek ne zaman gerekir; kadın infertilitesi",Informational,High,2026-05-14,Submitted via hub,2026-05-28,2026-06-11,,,,,"Compare hub vs article cannibalization"
Female Infertility,https://tupbebek.com/makaleler/adet-duzensizligi-pcos/,adet düzensizliği pcos,"pcos gebelik; pcos tüp bebek; polikistik over adet düzensizliği",Informational,High,2026-05-14,Submitted earlier,2026-05-28,2026-06-11,,,,,"Track PCOS modifiers and update hub links if needed"
Female Infertility,https://tupbebek.com/makaleler/dusuk-amh-hamilelik/,düşük amh hamilelik,"düşük amh ile hamile kalınır mı; amh düşük tüp bebek; yumurtalık rezervi",Informational,High,2026-05-14,Submitted earlier,2026-05-28,2026-06-11,,,,,"Monitor high-anxiety query CTR"
Female Infertility,https://tupbebek.com/makaleler/endometriozis-tup-bebek/,endometriozis tüp bebek,"çikolata kisti tüp bebek; endometriozis ivf; endometriozis cerrahi mi ivf mi",Informational,High,2026-05-14,Submitted earlier,2026-05-28,2026-06-11,,,,,"Compare with broader endometriosis page"
Female Infertility,https://tupbebek.com/makaleler/endometriozis-akilli-stratejiler/,endometriozis kısırlık,"endometriozis gebe kalmayı etkiler mi; endometrioma amh; endometriozis tedavi",Informational,Medium,2026-05-14,Submitted earlier,2026-05-28,2026-06-11,,,,,"Watch overlap with endometriozis-tup-bebek"
Female Infertility,https://tupbebek.com/makaleler/endometrioma/,endometrioma ameliyat,"çikolata kisti ameliyat; endometrioma amh; endometrioma ivf",Informational,Medium,2026-05-14,Submitted earlier,2026-05-28,2026-06-11,,,,,"Track surgery decision intent"
Female Infertility,https://tupbebek.com/makaleler/hidrosalpinx-ve-kisirlik/,hidrosalpinx ivf,"hidrosalpinks nedir; tüpte sıvı birikimi; ivf öncesi hidrosalpinx",Informational,Medium,2026-05-14,Submitted earlier,2026-05-28,2026-06-11,,,,,"Track spelling variants hidrosalpinx/hidrosalpinks"
Female Infertility,https://tupbebek.com/makaleler/miyomlar-ve-tup-bebek/,miyom tüp bebek,"miyom transferi etkiler mi; tüp bebek öncesi miyom ameliyatı; submüköz miyom",Informational,Medium,2026-05-14,Submitted earlier,2026-05-28,2026-06-11,,,,,"Watch surgical vs IVF intent split"
Female Infertility,https://tupbebek.com/makaleler/miyom-ameliyati/,miyom ameliyatı ne zaman gerekir,"gebelik için miyom ameliyatı; submüköz miyom ameliyatı; miyom ivf",Informational,Medium,2026-05-14,Submitted earlier,2026-05-28,2026-06-11,,,,,"Check if title needs IVF modifier"
Female Infertility,https://tupbebek.com/makaleler/yumurtalik-kistleri-dogurganlik/,yumurtalık kisti doğurganlık,"yumurtalık kisti hamile kalmayı engeller mi; kist ivf; endometrioma dermoid",Informational,Medium,2026-05-14,Submitted earlier,2026-05-28,2026-06-11,,,,,"Monitor broad cyst queries"
Female Infertility,https://tupbebek.com/makaleler/hiperprolaktinemi-ve-kisirlik/,prolaktin yüksekliği kısırlık,"hiperprolaktinemi hamilelik; prolaktin yüksekliği gebeliği etkiler mi; prolaktinoma",Informational,Medium,2026-05-14,Submitted via hub,2026-05-28,2026-06-11,,,,,"Track symptom and fertility intent"
Female Infertility,https://tupbebek.com/makaleler/adet-gorememe/,amenore adet görememe,"sekonder amenore; primer amenore; adet görememe nedenleri",Informational,Medium,2026-05-14,Submitted earlier,2026-05-28,2026-06-11,,,,,"Check broader gynecology query fit"
Female Infertility,https://tupbebek.com/makaleler/asherman-sendromu/,asherman sendromu,"rahim içi yapışıklık; asherman gebelik; histeroskopik adheziolizis",Informational,Medium,2026-05-14,Submitted earlier,2026-05-28,2026-06-11,,,,,"Monitor low-volume specialist terms"
Female Infertility,https://tupbebek.com/makaleler/endoskopik-cerrahi-histeroskopi/,histeroskopi nedir,"rahim içi endoskopik cerrahi; histeroskopi ne zaman yapılır; polip miyom septum",Informational,Medium,2026-05-14,Submitted earlier,2026-05-28,2026-06-11,,,,,"Track procedure-definition terms"
Female Infertility,https://tupbebek.com/makaleler/ivf-oncesi-histeroskopi/,ivf öncesi histeroskopi,"tüp bebek öncesi histeroskopi gerekir mi; rahim içi değerlendirme; polip ivf",Informational,Medium,2026-05-14,Submitted earlier,2026-05-28,2026-06-11,,,,,"Compare with histeroskopi general page"
Female Infertility,https://tupbebek.com/makaleler/hormonal-tedavi-adenomyozis/,adenomyozis tüp bebek,"adenomyozis hormonal tedavi; gnRH adenomyozis; ivf öncesi rahim hazırlığı",Informational,Medium,2026-05-14,Submitted earlier,2026-05-28,2026-06-11,,,,,"Track specialist long-tail"
Female Infertility,https://tupbebek.com/makaleler/vajinal-mikrobiyom-fiv/,vajinal mikrobiyom ivf,"laktobasil ivf; disbiyoz tüp bebek; kronik endometrit mikrobiyom",Informational,High,2026-05-14,Remaining after quota,2026-05-28,2026-06-11,,,,,"Request indexing tomorrow and track new hub support"
Female Infertility,https://tupbebek.com/makaleler/akinti-kasinti-koku/,vajinal akıntı kaşıntı koku,"mantar mı bakteriyel vajinoz mu; vajinal koku; akıntı kaşıntı",Informational,Medium,2026-05-14,Remaining after quota,2026-05-28,2026-06-11,,,,,"Track broad health query quality"
Female Infertility,https://tupbebek.com/makaleler/over-prp/,yumurtalık prp,"over prp; düşük amh prp; yumurtalık gençleştirme kanıt",Informational,High,2026-05-14,Remaining after quota,2026-05-28,2026-06-11,,,,,"Request indexing tomorrow; monitor controversial add-on"
Male Infertility,https://tupbebek.com/makaleler/varikosel-nedir-ne-zaman-ameliyat-gerekir/,varikosel nedir,"varikosel ameliyatı ne zaman gerekir; varikosel sperm; varikosel belirtileri",Informational,High,2026-05-14,Submitted earlier,2026-05-28,2026-06-11,,,,,"Track surgery-intent and symptoms"
Male Infertility,https://tupbebek.com/makaleler/azospermi-mikro-tese/,azospermi mikro tese,"sperm yok mikro tese; azospermi tedavisi; noa oa ayrımı",Informational,High,2026-05-14,Submitted earlier,2026-05-28,2026-06-11,,,,,"Monitor high-value male infertility queries"
Male Infertility,https://tupbebek.com/makaleler/cerrahi-sperm-arama-tese/,micro tese,"tese nedir; tesa tese farkı; cerrahi sperm arama",Informational,High,2026-05-14,Submitted earlier,2026-05-28,2026-06-11,,,,,"Track TESE spelling variants"
Male Infertility,https://tupbebek.com/makaleler/erkek-dogurganlik-besin-takviyeleri/,erkek doğurganlık takviyeleri,"sperm için vitaminler; sperm artıran takviyeler; coq10 sperm",Informational,High,2026-05-14,Remaining after quota,2026-05-28,2026-06-11,,,,,"Request indexing tomorrow if quota resets"
Male Infertility,https://tupbebek.com/makaleler/cep-telefonu-sperm-kalitesi/,cep telefonu sperm kalitesi,"telefon sperm etkiler mi; radyasyon sperm; ısı sperm kalitesi",Informational,Medium,2026-05-14,Submitted earlier,2026-05-28,2026-06-11,,,,,"Monitor myth/debunking SERP"
Male Infertility,https://tupbebek.com/makaleler/izotretinoin-sperm/,izotretinoin sperm,"zoretanin sperm; roaccutane sperm; izotretinoin baba adaylığı",Informational,Medium,2026-05-14,Remaining after quota,2026-05-28,2026-06-11,,,,,"Request indexing tomorrow; track brand-drug variants"
Lifestyle,https://tupbebek.com/makaleler/alkol-ve-fertilite/,alkol sperm kalitesi,"alkol sperm kalitesini etkiler mi; alkol ve fertilite; alkol tüp bebek",Informational,High,2026-05-14,Submitted,2026-05-28,2026-06-11,,,,,"Already submitted today; track male/female split"
Lifestyle,https://tupbebek.com/makaleler/duygusal-dayaniklik-rehberi/,tüp bebek stresi,"tüp bebek psikolojik destek; tüp bebek tedavisinde stres; transfer sonrası kaygı",Informational,High,2026-05-14,Submitted,2026-05-28,2026-06-11,,,,,"Already submitted today; watch support queries"
Lifestyle,https://tupbebek.com/makaleler/istanbul-tup-bebek-doktoru/,istanbul tüp bebek doktoru,"tüp bebek doktoru seçimi; ilk görüşme soruları; ivf doktor seçimi",Commercial investigation,High,2026-05-14,Submitted,2026-05-28,2026-06-11,,,,,"Already submitted today; watch branded/competitor SERP"
Lifestyle,https://tupbebek.com/makaleler/iyi-tup-bebek-merkezi/,tüp bebek merkezi seçimi,"iyi tüp bebek merkezi nasıl anlaşılır; tüp bebek merkezi seçerken; laboratuvar kalite kontrol",Commercial investigation,High,2026-05-14,Quota hit,2026-05-28,2026-06-11,,,,,"First URL to submit tomorrow after quota reset"
Fertility Preservation,https://tupbebek.com/makaleler/yumurta-dondurma-rehberi/,yumurta dondurma,"yumurta dondurma kaç yumurta; oosit dondurma; yumurta dondurma yaş",Commercial investigation,High,2026-05-14,Submitted earlier,2026-05-28,2026-06-11,,,,,"Track preservation and age modifiers"
Fertility Preservation,https://tupbebek.com/makaleler/kanser-ve-fertilite/,kanser fertilite koruma,"kanser öncesi yumurta dondurma; sperm dondurma kanser; onkofertilite",Informational,Medium,2026-05-14,Submitted earlier,2026-05-28,2026-06-11,,,,,"Watch oncofertility long-tail"
Ovulation and IUI,https://tupbebek.com/makaleler/yumurtlama-takibi/,yumurtlama takibi,"en verimli günler; ovülasyon takibi; lh testi",Informational,High,2026-05-14,GSC insight page flagged,2026-05-28,2026-06-11,,,,,"GSC showed impression growth; review query winners"
Ovulation and IUI,https://tupbebek.com/makaleler/iui-nedir/,iui aşılama nedir,"aşılama tedavisi; iui başarı oranı; aşılama mı tüp bebek mi",Commercial investigation,Medium,2026-05-14,Submitted earlier,2026-05-28,2026-06-11,,,,,"Track treatment comparison queries"
Ovulation and IUI,https://tupbebek.com/makaleler/opk-ve-ivf/,pcos tüp bebek,"pcos ohss riski; polikistik over ivf; pcos transfer stratejisi",Informational,Medium,2026-05-14,Submitted earlier,2026-05-28,2026-06-11,,,,,"Watch PCOS/IVF cannibalization"
Genetics,https://tupbebek.com/makaleler/pgt-m/,pgt-m nedir,"tek gen hastalığı embriyo tarama; pgt-m kimlere yapılır; preimplantasyon genetik tanı",Informational,Medium,2026-05-14,Submitted earlier,2026-05-28,2026-06-11,,,,,"Track specialist genetics terms"
Genetics,https://tupbebek.com/makaleler/pgt-cinsiyet-secimi/,pgt cinsiyet seçimi,"cinsiyet seçimi yasal mı; pgt ile cinsiyet; Türkiye cinsiyet seçimi yasağı",Informational,Medium,2026-05-14,Submitted earlier,2026-05-28,2026-06-11,,,,,"Monitor legal-intent CTR"
Genetics,https://tupbebek.com/makaleler/akraba-evliligi/,akraba evliliği genetik risk,"taşıyıcılık taraması; genetik danışmanlık; pgt-m akraba evliliği",Informational,Medium,2026-05-14,Submitted earlier,2026-05-28,2026-06-11,,,,,"Track broad genetics query fit"
