URL,Son tarama
https://tupbebek.com/makaleler/yumurtlama-takibi,2026-05-24
https://tupbebek.com/blog/pgt-m/,2026-05-24
https://tupbebek.com/makaleler/pkos-ve-tup-bebek/,2026-05-24
https://tupbebek.com/blog/embriyo-tup-bebek-laboratuvar-raporu-yorumlama/,2026-05-23
https://tupbebek.com/blog/iyi-tup-bebek-merkezi-nasil-anlasilir/,2026-05-23
https://tupbebek.com/blog/zayif-yumurtalik-rezervi-ve-tup-bebek-tedavisi/,2026-05-23
https://tupbebek.com/blog/rahmin-ters-durmasi-kisirliga-neden-olmaz-retrovert-uterus/,2026-05-23
https://tupbebek.com/blog/tup-bebek-tedavisine-hazirlik-asamasi-yazi-dizisi-4/,2026-05-23
https://tupbebek.com/makaleler/asherman-sendromu,2026-05-23
https://tupbebek.com/makaleler/yasa-gore-tup-bebek-basari-oranlari,2026-05-23
https://tupbebek.com/blog/ivf-protokolleri-istanbul/,2026-05-23
https://tupbebek.com/makaleler/ivf-protokolleri,2026-05-23
https://tupbebek.com/tup-bebek-tedavisinde-catlatma-ignesi/,2026-05-23
https://tupbebek.com/makaleler/yumurta-dondurma-rehberi,2026-05-23
https://tupbebek.com/makaleler/pcos-yeni-adi-pmos,2026-05-23
https://tupbebek.com/blog/adet-gorememe-amenore/,2026-05-23
https://tupbebek.com/makaleler/adet-gorememe,2026-05-23
https://tupbebek.com/blog/kisirlik-ve-endometriozis-icin-akilli-stratejiler/,2026-05-23
https://tupbebek.com/tup-bebek-asamalari/,2026-05-23
https://tupbebek.com/basari-oranlari,2026-05-23
https://tupbebek.com/blog/embriyo-tutunmasi-implantasyon-1-rahime-ait-problemler/,2026-05-23
https://tupbebek.com/embriyo-transferi-sonrasi-kanama/,2026-05-23
https://tupbebek.com/makaleler/embriyo-transferi-sonrasi-bakim,2026-05-23
https://tupbebek.com/makaleler/akinti-kasinti-koku,2026-05-23
https://tupbebek.com/makaleler/endometriozis-tup-bebek,2026-05-23
https://tupbebek.com/makaleler/genetik-testler,2026-05-22
https://tupbebek.com/erkek-infertilitesi,2026-05-22
https://tupbebek.com/sperm-analizi/,2026-05-22
https://tupbebek.com/blog/tup-bebek-tedavisinde-tekrarlayan-basarisizliklar/,2026-05-22
https://tupbebek.com/makaleler/basarisiz-denemeler,2026-05-22
https://tupbebek.com/makaleler/basarisiz-denemeler/,2026-05-22
https://tupbebek.com/blog/adet-duzensizligi-ve-polikistik-over-sendromu-pkos/,2026-05-22
https://tupbebek.com/makaleler/adet-duzensizligi-pcos,2026-05-22
https://tupbebek.com/makaleler/miyomlar-ve-tup-bebek,2026-05-22
https://tupbebek.com/makaleler/over-prp,2026-05-22
https://tupbebek.com/blog/kanser-tedavisine-bagli-kisirlik-ve-dogurganligin-korunmasi/,2026-05-22
https://tupbebek.com/dr-senai-aksoy/,2026-05-22
https://tupbebek.com/blog/embriyo-transferi-kacinci-gunde-yapilmalidir/,2026-05-22
https://tupbebek.com/blog/hamile-kalamiyorsaniz-nedeni-hidrosalpinks-olabilir/,2026-05-22
https://tupbebek.com/makaleler/hidrosalpinx-ve-kisirlik,2026-05-22
https://tupbebek.com/makaleler/embriyo-transferi-gun-secimi,2026-05-22
https://tupbebek.com/blog/miyomlarin-gebelik-uzerinde-etkileri-nelerdir/,2026-05-22
https://tupbebek.com/blog/hamilelikte-sik-gorulen-vajinal-enfeksiyonlar/,2026-05-22
https://tupbebek.com/blog/istanbul-tup-bebek-doktoru-merkezi-secimi-rehberi/,2026-05-22
https://tupbebek.com/makaleler/era-testi-iluzyon,2026-05-22
https://tupbebek.com/makaleler/endometrioma,2026-05-22
https://tupbebek.com/laparoskopi/,2026-05-22
https://tupbebek.com/makaleler/endoskopik-cerrahi-histeroskopi,2026-05-22
https://tupbebek.com/makaleler/pgt-m,2026-05-22
https://tupbebek.com/transfer-sureci,2026-05-22
https://tupbebek.com/aciklanamayan-infertilite,2026-05-22
https://tupbebek.com/makaleler/kac-yumurta-gerekir,2026-05-22
https://tupbebek.com/makaleler/pgt-a-bas-editor-kosesi,2026-05-22
https://tupbebek.com/blog/preimplantasyon-genetik-testi-ve-cinsiyet-secimi/,2026-05-22
https://tupbebek.com/makaleler/mikroenjeksiyon-icsi-nedir,2026-05-22
https://tupbebek.com/tup-bebek-ve-mikroenjeksiyon/,2026-05-22
https://tupbebek.com/tedavi-yontemleri,2026-05-22
https://tupbebek.com/tup-bebekte-ozel-uygulamalar/,2026-05-22
https://tupbebek.com/tibbi-sozluk,2026-05-22
https://tupbebek.com/blog/embryoglue-embriyo-yapistiricisi-faydalari/,2026-05-22
https://tupbebek.com/histeroskopi/,2026-05-22
https://tupbebek.com/makaleler/ivf-oncesi-histeroskopi,2026-05-22
https://tupbebek.com/psikolojik-destek,2026-05-22
https://tupbebek.com/blog/polikistik-over-sendromu-nedenleri-ve-tedavisi/,2026-05-22
https://tupbebek.com/makaleler/kimyasal-gebelik,2026-05-22
https://tupbebek.com/makaleler/opk-ve-ivf,2026-05-22
https://tupbebek.com/makaleler/tup-bebek-sureci-rehber,2026-05-22
https://tupbebek.com/tup-bebek-tedavisinde-nelere-dikkat-etmelisiniz/,2026-05-22
https://tupbebek.com/fertilite-koruma,2026-05-22
https://tupbebek.com/makaleler/era-testi-bas-editor-kosesi,2026-05-22
https://tupbebek.com/blog/saglikli-bir-cinsel-hayat-icin-ne-yapmali/,2026-05-22
https://tupbebek.com/makaleler/tup-bebek-nedir,2026-05-22
https://tupbebek.com/kadin-infertilitesi,2026-05-22
https://tupbebek.com/hakkimizda,2026-05-22
https://tupbebek.com/tup-bebek-tedavim-tuttu-mu/,2026-05-22
https://tupbebek.com/makaleler/cerrahi-sperm-arama-tese,2026-05-22
https://tupbebek.com/tesatese/,2026-05-22
https://tupbebek.com/makaleler/hormonal-tedavi-adenomyozis,2026-05-22
https://tupbebek.com/blog/yumurtlama-takibi-ve-iliski-planlamasi-nedir/,2026-05-22
https://tupbebek.com/yumurtlama-takibi/,2026-05-22
https://tupbebek.com/sik-sorulan-sorular/,2026-05-22
https://tupbebek.com/sss,2026-05-22
https://tupbebek.com/tup-bebek-fiyatlari/,2026-05-22
https://tupbebek.com/blog/asiri-sut-uretimi-hiperprolaktinemi/,2026-05-22
https://tupbebek.com/makaleler/hiperprolaktinemi-ve-kisirlik,2026-05-22
http://tupbebek.com/,2026-05-22
https://tupbebek.com/ar/treatment/causes-and-diagnosis-of-infertility/,2026-05-22
https://tupbebek.com/undefined/,2026-05-22
https://tupbebek.com/makaleler/izotretinoin-sperm,2026-05-22
https://tupbebek.com/makaleler/basari-oranlari,2026-05-22
https://tupbebek.com/tup-bebek-basari-oranlari/,2026-05-22
https://tupbebek.com/blog/bebegin-suyu-fazla-ise/,2026-05-22
https://tupbebek.com/blog/hamilelikte-kabizlik-tehlikeli-midir/,2026-05-22
https://tupbebek.com/blog/hamilelikte-tehlikeli-bir-enfeksiyon-sitomegalovirus/,2026-05-22
https://tupbebek.com/blog/hamilelikte-yuksek-tansiyon-problemi-olan-anne-adaylari-nelere-dikkat-etmeli/,2026-05-22
https://tupbebek.com/blog/mol-gebelik-uzum-gebelik/,2026-05-22
https://tupbebek.com/blog/plasentanin-erken-ayrilmasi-dekolman-plasenta/,2026-05-22
https://tupbebek.com/blog/plasentanin-onde-olmasi-plasenta-previa/,2026-05-22
https://tupbebek.com/blog/tup-bebek-tedavisinde-yumurtalik-hiperstimulasyon-sendromu-ohss/,2026-05-22
https://tupbebek.com/makaleler,2026-05-22
https://tupbebek.com/yumurtaliklarin-asiri-uyarilmasi/,2026-05-22
https://tupbebek.com/tani-sureci,2026-05-22
https://tupbebek.com/tup-bebek-evraklari-ve-testleri/,2026-05-22
https://tupbebek.com/makaleler/genetik-testler/,2026-05-22
https://tupbebek.com/makaleler/tup-bebek-yanlis-bilinenler,2026-05-22
https://tupbebek.com/makaleler/laboratuvar-raporu-yorumlama,2026-05-22
https://tupbebek.com/makaleler/taze-dondurulmus-transfer,2026-05-22
https://tupbebek.com/makaleler/basari-oranlari/,2026-05-21
https://tupbebek.com/blog/gogusten-sivi-gelmesi-galaktore-nedir/,2026-05-21
https://tupbebek.com/tibbi-sorumluluk-reddi,2026-05-21
https://tupbebek.com/makaleler/dusuk-amh-hamilelik,2026-05-21
https://tupbebek.com/blog/tup-bebek-bagisiklik-tedavileri-ve-riskler/,2026-05-21
https://tupbebek.com/makaleler/bagisiklik-tedavileri,2026-05-21
https://tupbebek.com/makaleler/akraba-evliligi,2026-05-21
https://tupbebek.com/asilama/,2026-05-21
https://tupbebek.com/tedaviniz/,2026-05-21
https://tupbebek.com/pgt-merkezi,2026-05-21
https://tupbebek.com/preimplantasyon-genetik-tani/,2026-05-21
https://tupbebek.com/tup-bebek-tedavisinde-preimplantasyon-genetik-tani/,2026-05-21
https://tupbebek.com/blog/mikroenjeksiyonda-imsi-nedir/,2026-05-21
https://www.tupbebek.com/,2026-05-21
https://tupbebek.com/blog/dogum-sonrasi-vucudumuzda-neler-oluyor/,2026-05-20
https://tupbebek.com/fr/,2026-05-20
https://tupbebek.com/blog/kisirlik-cozumsuz-degildir3-yazi-dizisi-erkekte-kisirlik-nasil-degerlendirilir/,2026-05-20
https://tupbebek.com/blog/yumurtalik-donmesi-over-torsiyonu/,2026-05-20
http://www.tupbebek.com/,2026-05-19
https://tupbebek.com/blog/beta-hcg-test-sonuclari/,2026-05-19
https://tupbebek.com/blog/embriyo-dondurma-teknigi-vitrifikasyon/,2026-05-19
https://tupbebek.com/blog/amniyon-sivisinin-azligi-da-coklugu-da-bebek-icin-tehlike-isareti/,2026-05-18
https://tupbebek.com/makaleler/miyom-ameliyati,2026-05-18
https://tupbebek.com/blog/embriyo-tutunmasi-implantasyon-3-tup-bebek-asamalarinda-yapilabilecekler/,2026-05-17
https://tupbebek.com/blog/fiv-basarisizligi-sonrasi-ne-yapmali-dr-senai-aksoy/,2026-05-17
https://tupbebek.com/makaleler/azospermi-mikro-tese,2026-05-17
https://tupbebek.com/blog/akraba-evliligi-neden-tehlikelidir/,2026-05-17
https://tupbebek.com/blog/hiperprolaktinemi-ve-prolaktinomu-anlamak/,2026-05-17
https://tupbebek.com/blog/luteal-faz-defekti-kisirlik-nedeni/,2026-05-17
https://tupbebek.com/makaleler/varikosel-nedir-ne-zaman-ameliyat-gerekir,2026-05-16
https://tupbebek.com/blog/endometriozis-ve-tup-bebek-tedavisi/,2026-05-16
https://tupbebek.com/videolar/rahim-ici-yapisikliklarinda-ofis-histeroskopi/,2026-05-16
https://tupbebek.com/makaleler/yumurtalik-kistleri-dogurganlik,2026-05-16
https://tupbebek.com/blog/dogurganligi-arttirmanin-10-yolu/,2026-05-16
https://tupbebek.com/blog/embriyo-tutunmasi-implantasyon-2-embriyoya-ait-problemler/,2026-05-16
https://tupbebek.com/blog/endometriozis-kisirlik-iliskisi/,2026-05-16
https://tupbebek.com/blog/over-prp/,2026-05-16
https://tupbebek.com/blog/tup-bebek-tedavisinde-luteal-faz-kanamalari/,2026-05-16
https://tupbebek.com/blog/tup-bebek-ve-embriyo-transferi-sonrasi-bakim/,2026-05-16
https://tupbebek.com/blog/erkek-dogurganligini-artiran-besin-takviyeleri/,2026-05-16
https://tupbebek.com/blog/ofis-histeroskopi-nedir/,2026-05-16
https://tupbebek.com/blog/asherman-sendromu-rahim-ici-yapisiklik/,2026-05-15
https://tupbebek.com/blog/cikolata-kisti-endometriozis-ameliyati-yumurtalik-veya-rahmin-alinmasini-gerektirmez/,2026-05-15
https://tupbebek.com/blog/assisted-hatching-destekli-yuvalama-nedir/,2026-05-15
https://tupbebek.com/blog/hiperprolaktinemi-ve-kisirlik/,2026-05-15
https://tupbebek.com/blog/tup-bebek-tedavisinde-bos-folikul-sendromu/,2026-05-15
https://tupbebek.com/blog/vajinal-mikrobiyom-fiv-basarisi/,2026-05-15
https://tupbebek.com/blog/azospermi-nedir/,2026-05-15
https://tupbebek.com/blog/embriyoda-genetik-tani-preimplantasyon-genetik-tani/,2026-05-15
https://tupbebek.com/blog/hormonal-tedavilerle-adenomyozis/,2026-05-15
https://tupbebek.com/blog/kimyasal-gebelik/,2026-05-15
https://tupbebek.com/blog/klamidya-kisirliga-neden-olabilir/,2026-05-15
https://tupbebek.com/blog/yumurta-toplamada-genel-anestezi-mi-sedasyon-mu/,2026-05-15
https://tupbebek.com/ilac-rehberi,2026-05-15
https://tupbebek.com/blog/myomektomi-myom-nedir/,2026-05-15
https://tupbebek.com/blog/tup-bebekte-kullanilan-kanita-dayali-olmayan-tedaviler/,2026-05-15
https://tupbebek.com/blog/alkol-ve-fertilite/,2026-05-14
https://tupbebek.com/blog/dondurulmus-embriyo-transferi-protokolleri-karsilastirma/,2026-05-14
https://tupbebek.com/blog/erkekte-kisirlik-nedeni-varikosel-nedir/,2026-05-14
https://tupbebek.com/blog/erkekte-kisirlik-tedavisinde-cerrahi-sperm-arama-tesa-tese/,2026-05-14
https://tupbebek.com/blog/hamilelikte-kabizlik-basurlar-hemoroidler-ve-makat-catlaklari/,2026-05-14
https://tupbebek.com/blog/ilacli-rahim-filmi-hsg-nedir/,2026-05-14
https://tupbebek.com/blog/kisirlik-cozumsuz-degildir4-yazi-dizisi-azospermi-cerrahi-sperm-arama-teknikleri/,2026-05-14
https://tupbebek.com/blog/kisirlik-infertilite-nedir-nedenleri-nelerdir/,2026-05-14
https://tupbebek.com/blog/miyom-ameliyati-ne-zaman-gerekir/,2026-05-14
https://tupbebek.com/blog/pek-cok-kisir-ciftin-hayatini-degistiren-mucize-tup-bebek/,2026-05-14
https://tupbebek.com/blog/pkos-ve-tup-bebek/,2026-05-14
https://tupbebek.com/blog/sigaranin-dogurganlik-ve-kisirlik-uzerinde-etkisi/,2026-05-14
https://tupbebek.com/blog/stres-ve-kisirlik/,2026-05-14
https://tupbebek.com/blog/tup-bebek-artik-pek-cok-durumda-oncelikli-tedavi-yontemi/,2026-05-14
https://tupbebek.com/blog/tup-bebek-tedavisi-esnasinda-semen-analizi-nedir/,2026-05-14
https://tupbebek.com/blog/tup-bebek-tedavisinde-tartismali-teknik-kokultur-yapay-rahim/,2026-05-14
https://tupbebek.com/blog/yumurtalik-kistleri-dermoid-kist/,2026-05-14
https://tupbebek.com/yayin-sureci/,2026-05-14
https://tupbebek.com/blog/akinti-kasinti-koku-mantar-mi-bakteriyel-vajinoz-mu/,2026-05-14
https://tupbebek.com/blog/azospermi-mikro-tese-ikinci-deneme/,2026-05-14
https://tupbebek.com/blog/bel-sogukluguna-kadinlar-da-yakalanabilir/,2026-05-14
https://tupbebek.com/blog/bos-gebelik-nedir/,2026-05-14
https://tupbebek.com/blog/dis-gebelik-nedir/,2026-05-14
https://tupbebek.com/blog/dogumsal-rahim-anomalileri-konjenital-uterin-anomalileri/,2026-05-14
https://tupbebek.com/blog/dogustan-rahmin-olmamasi-mullerian-agnenezi-rokitansky-kuster-hauser-mayer-sendromu-rkm/,2026-05-14
https://tupbebek.com/blog/dusuk-amh/,2026-05-14
https://tupbebek.com/blog/hidrosalpinks-ve-tuplerin-alinmasi/,2026-05-14
https://tupbebek.com/blog/izotretinoin-noa-sperm-uretimi/,2026-05-14
https://tupbebek.com/blog/mikroenjeksiyon-icsi-nedir-kimlere-uygulanir/,2026-05-14
https://tupbebek.com/blog/pelvik-inflamatuar-hastalik-pid-kisirlik-nedeni-olabilir/,2026-05-14
https://tupbebek.com/blog/prematur-ovarian-yetmezlik-kisirlik-nedeni/,2026-05-14
https://tupbebek.com/blog/stres-tup-bebek-basarisini-etkiler-mi/,2026-05-14
https://tupbebek.com/blog/taze-dondurulmus-embriyo-transferi/,2026-05-14
https://tupbebek.com/blog/tuboovarian-abse-toa/,2026-05-14
https://tupbebek.com/blog/tup-bebek-tedavisinde-blastokist-transferi-nedir/,2026-05-14
https://tupbebek.com/blog/tup-bebek-tedavisinde-yumurta-toplamanin-gecikmesi/,2026-05-14
https://tupbebek.com/blog/tup-bebekte-basarili-sonuc-icin-kac-yumurta-gerekir/,2026-05-14
https://tupbebek.com/blog/vajinit-vajinal-enfeksiyon-ve-vajinal-akinti/,2026-05-14
https://tupbebek.com/blog/yumurta-dondurma-kac-tanesi-gerekli-yas-gruplari/,2026-05-14
https://tupbebek.com/makaleler?q,2026-05-14
https://tupbebek.com/blog/cogul-gebelikler-ve-riskleri/,2026-05-14
https://tupbebek.com/blog/bebegin-gec-dogmasi-surmaturite-gun-asimi/,2026-05-12
https://tupbebek.com/blog/kisirlikta-naturel-siklusta-mikroenjeksiyon-icsi/,2026-05-10
https://tupbebek.com/blog/yumurtaliklarin-uyarilmasinda-kullanilan-ilaclar-ve-kanser/,2026-05-10
https://tupbebek.com/blog/dusuk-abortus-nedir/,2026-05-10
https://tupbebek.com/blog/ilacsiz-tup-bebek-ivm-yontemi-ne-kadar-basarili/,2026-05-10
https://tupbebek.com/blog/tup-bebek-ve-kisirlik-hakkinda-yanlis-bilinen-gercekler/,2026-05-09
https://tupbebek.com/makaleler/iui-nedir,2026-05-08
https://tupbebek.com/kadinin-degerlendirilmesi/,2026-05-07
https://tupbebek.com/blog/ofis-histeroskopi-nedir,2026-05-05
https://www.tupbebek.com/blog/ofis-histeroskopi-nedir,2026-05-05
https://tupbebek.com/videolar/laparoskopik-ameliyatla-miyom-alinmasi-laparoscopic-myomectomy/,2026-05-04
https://tupbebek.com/videolar/tup-bebekte-yumurta-toplama-islemi/,2026-05-04
https://tupbebek.com/blog/myomlar-ve-kisirlik/,2026-05-03
https://tupbebek.com/blog/kisirlik-cozumsuz-degildir2-yazi-dizisi-erkekte-baslica-kisirlik-nedenleri/,2026-05-03
https://tupbebek.com/blog/preimplantasyon-genetik-tani-nedir/,2026-05-03
https://tupbebek.com/makaleler/alkol-ve-fertilite,2026-05-03
https://tupbebek.com/makaleler/kanser-ve-fertilite,2026-05-03
https://tupbebek.com/makaleler/endometriozis-akilli-stratejiler,2026-05-03
https://tupbebek.com/blog/,2026-05-03
https://tupbebek.com/videolar/single-port-salpingostomy/,2026-05-03
https://tupbebek.com/blog/kisirlikta-yeni-umut-rahim-dokusu-nakli/,2026-05-02
https://tupbebek.com/blog/laparoskopi-nedir/,2026-05-02
https://tupbebek.com/videolar/ovarian-torsion-yumurtalik-donmesi/,2026-05-02
https://tupbebek.com/blog/endometrioma/,2026-05-02
https://tupbebek.com/blog/izsiz-ameliyat-laparoskopi/,2026-05-02
https://tupbebek.com/blog/hlag-ne-kadar-yararli/,2026-05-02
https://tupbebek.com/makaleler/iyi-tup-bebek-merkezi,2026-05-01
https://tupbebek.com/makaleler/embryoglue-faydalari,2026-05-01
https://tupbebek.com/blog/dusuk-amh-hamilelik-sansi/,2026-05-01
https://tupbebek.com/blog/erkekte-kisirlik-nedenleri/,2026-05-01
https://tupbebek.com/blog/mikroenjeksiyon-icsi-herkes-icin-uygun-mudur/,2026-05-01
https://tupbebek.com/blog/tup-bebek-oncesi-histeroskopi-laparoskopi-basariyi-artirir-mi/,2026-05-01
https://tupbebek.com/videolar/,2026-05-01
https://tupbebek.com/videolar/embriyo-transferi-oncesi-yapilmasi-gerekenler/,2026-05-01
https://tupbebek.com/blog/erken-menopoz-nedir/,2026-05-01
https://tupbebek.com/yumurtalik-rezervi-degerlendirme/,2026-05-01
https://tupbebek.com/makaleler/vajinal-mikrobiyom-fiv,2026-05-01
https://tupbebek.com/makaleler/erkek-dogurganlik-besin-takviyeleri,2026-05-01
https://tupbebek.com/blog/cep-telefonları-ve-sperm kalitesi/,2026-05-01
https://tupbebek.com/blog/dusuk-amh-hamilelik-sansi,2026-05-01
https://tupbebek.com/blog/endoskopik-cerrahi-histeroskopi-nedir/,2026-05-01
https://tupbebek.com/blog/kisirlik-psikolojisi/,2026-05-01
https://tupbebek.com/blog/mikroenjeksiyon-bebekleri-ve-anomaliler/,2026-05-01
https://tupbebek.com/blog/miyomlar-ve-tup-bebek/,2026-05-01
https://tupbebek.com/blog/sayfa/12/,2026-05-01
https://tupbebek.com/blog/sayfa/7/,2026-05-01
https://tupbebek.com/blog/kisirlik-cozumsuz-degildir1-yazi-dizisi-kadinda-kisirlik-nedenleri/,2026-05-01
https://tupbebek.com/blog/tekrarlayan-dusuklerin-nedenleri/,2026-05-01
https://tupbebek.com/makaleler/beta-hcg-testi,2026-05-01
https://tupbebek.com/blog/kisirlik-belirtisi-endometriozis-cikolata-kisti-nedir/,2026-05-01
https://tupbebek.com/blog/opk-ve ivf/,2026-05-01
https://tupbebek.com/blog/sayfa/14/,2026-05-01
https://tupbebek.com/blog/tup-bebek-tedavisine-hazirlik-asamasi-yazi-dizisi-3/,2026-05-01
https://tupbebek.com/videolar/laparoskopi-ile-cikolata-kisti-ameliyati/,2026-05-01
https://tupbebek.com/blog/embryoscope-yapay-zeka-embriyo-secimi/,2026-05-01
https://tupbebek.com/makaleler/embryoscope-yapay-zeka,2026-05-01
https://tupbebek.com/makaleler/istanbul-tup-bebek-doktoru,2026-05-01
https://tupbebek.com/blog/dogurganlikbeslenme-iliskisi/,2026-04-30
https://tupbebek.com/blog/endometriyal_scratching_ivf/,2026-04-30
https://tupbebek.com/blog/erkek-kisirligi-besin-takviyeleri/,2026-04-30
https://tupbebek.com/blog/kadinlarda-yumurtalik-rezervi-ve-onemi/,2026-04-30
https://tupbebek.com/blog/kisirlik-cozumsuz-degildir5-yazi-dizisi-asilama/,2026-04-30
https://tupbebek.com/blog/kisirlik-cozumsuz-degildir6-yazi-dizisi-mikroenjeksiyon/,2026-04-30
https://tupbebek.com/blog/polip-nedir-kisirliga-yol-acar-mi/,2026-04-30
https://tupbebek.com/blog/sayfa/11/,2026-04-30
https://tupbebek.com/blog/sayfa/5/,2026-04-30
https://tupbebek.com/blog/sayfa/6,2026-04-30
https://tupbebek.com/blog/sayfa/6/,2026-04-30
https://tupbebek.com/blog/sayfa/9/,2026-04-30
https://tupbebek.com/blog/tup-bebek-efsaneler-ve-gercekler/,2026-04-30
https://tupbebek.com/blog/tup-bebek-tedavisine-hazirlik-asamasi-yazi-dizisi-2/,2026-04-30
https://tupbebek.com/blog/yas-dogurganlik-ve-kisirlik/,2026-04-30
https://tupbebek.com/blog/yumurtalik-kistleri-dogurganligi-etkiler-mi/,2026-04-30
https://tupbebek.com/videolar/total-laparoskopik-histerektomi-adnekslerle-beraber/,2026-04-30
https://tupbebek.com/makaleler/dondurulmus-embriyo-transferi,2026-04-30
https://tupbebek.com/blog/intrauterin-inseminasyon-iui-nedir/,2026-04-30
https://tupbebek.com/blog/ivf-oncesi-histeroskopi-rif-hastalari/,2026-04-30
https://tupbebek.com/blog/sigara-ve-kisirlik/,2026-04-30
https://tupbebek.com/blog/laparoskopik-myomektomi/,2026-04-30
https://tupbebek.com/blog/kadin-kisirligi-ve-tup-bebek-tedavisinin-onemi/,2026-04-30
https://tupbebek.com/blog/sayfa/1/,2026-04-30
https://tupbebek.com/blog/sayfa/10/,2026-04-30
https://tupbebek.com/blog/sayfa/13/,2026-04-30
https://tupbebek.com/blog/sayfa/2/,2026-04-30
https://tupbebek.com/blog/sayfa/3/,2026-04-30
https://tupbebek.com/blog/sayfa/4/,2026-04-30
https://tupbebek.com/blog/sayfa/8/,2026-04-30
https://tupbebek.com/blog/tup-bebek-sureci-adim-adim-rehber/,2026-04-30
https://tupbebek.com/videolar/embriyo-transferi-sonrasi-yasam/,2026-04-30
https://tupbebek.com/videolar/tup-bebek-bilgilendirme-semineridr-senai-aksoy/,2026-04-30
https://tupbebek.com/blog/erken-yumurtalik-yetmezligi-kisirlik-nedeni/,2026-04-30
https://tupbebek.com/makaleler/pgt-cinsiyet-secimi,2026-04-30
https://tupbebek.com/makaleler/duygusal-dayaniklik-rehberi,2026-04-29
https://tupbebek.com/makaleler/endometriyal-scratching,2026-04-29
https://tupbebek.com/embriyo-dondurma/,2026-04-28
https://tupbebek.com/makaleler/cep-telefonu-sperm-kalitesi,2026-04-26
https://tupbebek.com/makaleler/pkos-ve-tup-bebek,2026-04-26
https://tupbebek.com/sik-sorulan-sorular?utc=dayibilir.com&v=1.0.27,2026-04-25
https://www.tupbebek.com/sik-sorulan-sorular?utc=dayibilir.com&v=1.0.27,2026-04-25
https://tupbebek.com/makaleler/beta-hcg-testi?sa=X&ved=2ahUKEwi3oOveufbmAhUPmIsKHb38AGAQFjAGegQIBRAB,2026-04-25
https://tupbebek.com/tup-bebek-tedavim-tuttu-mu?sa=X&ved=2ahUKEwi3oOveufbmAhUPmIsKHb38AGAQFjAGegQIBRAB,2026-04-25
https://tupbebek.com/makaleler/aciklanamayan-infertilite,2026-04-24
https://tupbebek.com/blog/discharge-itching-odor-yeast-infection-or-bacterial-vaginosis/,2026-04-24
https://tupbebek.com/aciklanamayan-kisirlik/,2026-04-24
https://tupbebek.com/kisirlik-tanisi-konmasi/,2026-04-23
https://tupbebek.com/hizmetler/,2026-04-23
https://tupbebek.com/tedaviye-baslamadan-once/,2026-04-23
https://tupbebek.com/dogurganligin-korunmasi/,2026-04-22
https://tupbebek.com/ivf-rehberi,2026-04-21
https://tupbebek.com/yas-ve-fertilite,2026-04-21
https://tupbebek.com/yasiniz-ve-kisirlik/,2026-04-21
https://tupbebek.com/duygusal-destek,2026-04-20
https://tupbebek.com/makaleler/erkek-kisirligi-besin-takviyeleri,2026-04-17
https://tupbebek.com/yayin-kurulu,2026-04-17
https://tupbebek.com/sorunlar,2026-04-17
https://tupbebek.com/makaleler/hiperprolaktinemi-prolaktinom,2026-04-13
https://tupbebek.com/rehberler,2026-04-09
https://tupbebek.com/basarisiz-denemeler,2026-04-08
https://tupbebek.com/gizlilik-politikasi,2026-04-08
https://tupbebek.com/cerez-politikasi,2026-04-08
https://tupbebek.com/makaleler/kadin-kisirligi-tup-bebek,2026-04-07
https://tupbebek.com/makaleler/myomlar-ve-kisirlik,2026-04-07
https://tupbebek.com/kullanim-kosullari,2026-04-07
https://www.tupbebek.com/tup-bebek-tedavim-tuttu-mu?sa=X&ved=2ahUKEwiVzozMzpfnAhW4zMQBHSDTB6cQFjAOegQIAxAB,2026-04-05
https://tupbebek.com/tup-bebek-tedavisinde-nelere-dikkat-etmelisiniz,2026-04-02
https://tupbebek.com/tup-bebek-evraklari-ve-testleri,2026-04-01
https://tupbebek.com/tup-bebek-tedavisinde-catlatma-ignesi,2026-04-01
https://tupbebek.com/tup-bebek-tedavisinde-preimplantasyon-genetik-tani,2026-03-31
https://tupbebek.com/tup-bebekte-ozel-uygulamalar,2026-03-31
https://tupbebek.com/hizmetler,2026-03-31
https://tupbebek.com/histeroskopi,2026-03-31
https://tupbebek.com/yumurtlama-takibi,2026-03-31
https://tupbebek.com/sik-sorulan-sorular,2026-03-31
https://tupbebek.com/blog,2026-03-30
https://tupbebek.com/tedaviye-baslamadan-once,2026-03-30
https://tupbebek.com/videolar,2026-03-30
https://tupbebek.com/tup-bebek-fiyatlari,2026-03-30
https://tupbebek.com/tesatese,2026-03-29
https://tupbebek.com/blog/sayfa/12,2025-10-16
https://www.tupbebek.com/iletisim,2025-07-08
https://www.tupbebek.com/blog/kadinlarda-yumurtalik-rezervi-ve-onemi,2024-09-11